Lucentblock,phillip@lucentblock.com
셀렉츄 (주식회사 호기스터),contact@hogyster.com
보맵 주식회사,recruit@bomapp.co.kr
테이블매니저(주),info@tablemanager.io
키즈팩토리,help@kidsfactory.net
링크닷츠,recruit@linkdotz.com
크라우디,info@ycrowdy.com
아테나스랩,recruit@prompie.com
코레토,help@corretto.io
모니터코퍼레이션,monitorcorp.ai@gmail.com
미디어앤아트,jasfa@mnart.co.kr
텐큐브,contact@tenqube.com
"주식회사 투디지트, 2Digit",contact@2digit.io
다노,info@dietnote.net
술펀,help@sulfun.com
(주)플리팝,fleamin@fleapop.co.kr
버즈니(홈쇼핑모아),recruit@buzzni.com
라이앤캐처스,jud@bibly.kr
뉴인,recruit@newin.co.kr
헬프미,support@help-me.kr
트리플렛,manager@triplllet.com
단비코리아,help@danbicorp.com
애스키모,hr@askm.io
자버 인사 서비스,neo@jober.io
빌리버,official@b-claus.com
와이즈커머스,hello@wisecommerce.io
엘핀,parkyk@naver.com
송아리아이티,russellkim81@songareeit.com
아이디브,recruit@afterbuy.kr
이스트몹,hey@estmob.com
어픽스,admin@affix.co.kr
패커티브,hello@packative.com
아그레아블,hr@wingeat.com
열정팩토리,pfyrecruit@gmail.com
로앤컴퍼니,recruit@lawcompany.co.kr
한국전자금화폐,sgc@smartgoldcoin.com
HT beyond,info@htbeyond.com
발란,hr20@balaan.co.kr
워트인텔리전스,wert@wert.co.kr
코인원,recruit@coinone.com
(주)코리아런드리 기업부설연구소,jwon@korealaundry.com
모딧,manager@moditt.com
아트앤매니지먼트,anythinking@naver.com
알투브이,boarding@r2v.io
옴니어스,hello@omnious.com
주식회사 푸른밤,recruit@albamapp.com
코딩로봇연구소,marcell.lee@codingrobotlab.com
피유엠피,lyj@xingxingmobility.com
에이젠글로벌,cy.kwon@aizen.co
숨고,career@soomgo.com
클래스101,ask@class101.net
모먼트스튜디오,iron@momentstudio.kr
굿닥,hr@goodoc.co.kr
베스트클래스,recruit@bestclass.kr
발트루스트,hoyeon@waldlust.co.kr
워드바이스,edit@essayreview.co.kr
아이콘루프,info@iconloop.com
조이코퍼레이션,job@zoyi.co
패스트레인,swson@fastlane.kr
빙글,recruit@vingle.net
한터글로벌(한터차트),HANTEO@HANTEO.com
핀다,hello@finda.co.kr
텀블벅,hiring@tumblbug.com
번개장터 주식회사,join@bunjang.co.kr
(주)프로키온,ceo@petprice.kr
로플랫,johnkoo@loplat.com
직방,recruit@zigbang.com
지팬스 스마트로,info@smartlo.net
모인,ilseok.suh@themoin.com
아토머스,contact@atommerce.com
(주)인스타워즈,contact@insterior.co.kr
머치스퀘어,info@merchsquare.com
SPIN Protocol,recruit@spinprotocol.io
아이고고,junpark@igogo.kr
메모비,k.w.byun@memovie.co.kr
잉클,vgenius.kim@gmail.com
아이오크롭스(주),info@iocrops.com
수파자,hr@supaja.com
유저해빗,help@userhabit.io
트릿지,business@tridge.com
모두컴퍼니,contact@moduparking.com
유니콘 - 광고 차단 필수 앱,support@unicorn-soft.com
나스미디어,mwpjskim@hanmail.net
허니비즈 - 띵동,hwansoo.kim@ddingdong.net
어반베이스,ohkr77@urbanbase.com
밀랑,job@mealant.com
브링프라이스,one@bringprice.com
지앤원,pood@poodone.com
(주)비주얼,hue@bejewel.kr
어니스트펀드,people@honestfund.kr
스피너미디어,kwgcym@gmail.com
트래블플랜,kenneth.lee@travelflan.com
핀투비,career@fin2b.com
차이코퍼레이션,jin@chai.finance
미틱,mitick2969@gmail.com
"크리마(크리마팩토리, 크리마랩)",career@cre.ma
엘리스,apply@elice.io
트레드링스,recruit@tradlinx.com
요쿠스,support@jocoos.com
알파브릿지,js.park@alphabridge.co.kr
이넘넷,contact@enumnet.com
퍼핀플레이스,hello@claire.team
퍼블리,recruit@publy.co
인프랩,withus@inflearn.com
컬쳐히어로,contact@culturehero.net
핀마트,help@finmart.co.kr
레티그리드,ethan.jo@retigrid.com
마스터비디,jason@masterbd.com
(주)아이포트폴리오,jobs@iportfolio.co.kr
(주)소프트웨어인라이프,contact@softwareinlife.com
터치포굿,t4g@touch4good.com
히어로네이션,s34190@naver.com
유엑스엔터프라이즈,angel@heartbe.kr
빌드잇,info@buildit.kr
알고랩,contact@algolab.kr
모두의셔틀,job@mshuttle.co.kr
주식회사 라이프시맨틱스,info@lifesemantics.kr
구름,contact@goorm.io
스몰티켓,hello@smallticket.com
(주)블루시스,hyungoo.ji@bluesis.com
로켓펀치,startup@rocketpunch.com
가브린트,cto@gavrint.com
데이터킹,job@dataking.co.kr
111%,help@111percent.net
PUSH뉴스,hello@pushnews.co.kr
리을,east@rieul.net
셰어라운드,contact@shareround.co.kr
인덴트코퍼레이션,morgan.yoon@indentcorp.com
인코어드 테크놀로지스,job@encoredtech.com
(주)세컨신드롬,hr@2ndsyndrome.com
에이아이트릭스,career@aitrics.com
브이스퀘어,hello@vsquare.cc
스낵포,snackfor@gmail.com
바램시스템,bright_suh@varram.com
플라이하이,mkt@flyhigh-x.com
빅픽처팀,hr@bigpicture.team
건강한형제들,sales@healthybros.co
티클,admin@tickleinvest.com
스토어카메라,promoter@storecamera.io
퓨처웍스,jshin@futurewalks.com
맥데이타,contact@magdata.net
뤼이드!,recruit@riiid.co
한빗코,valentin@plutusds.com
크라우드베이스,hr@crowdbase.kr
구닥스,hr@gudax.com
유티인프라,jihuns300@naver.com
에이프릴세븐,job@april7.co.kr
샤플앤컴퍼니,jun.lee@planetory.me
위시홈,hr@wishhome.co.kr
린스탁,help@linstock.us
록큰롤비즈니스그룹,hr@rrbg.co.kr
(주)카르타,swchoi06@carta.is
에이치앤비라이프,info@hnblife.co.kr
엠투브,admin01@mtov.net
워커맨,kh.lee@iworkerman.com
어반플레이,contact@urbanplay.co.kr
닥터키친,recruit@doctorkitchen.co.kr
지나인,jooyeon@talktomeinkorean.com
원드롭,cs@1drop.co.kr
반카,info@vancar.kr
라이징팝스,ceo@risingpops.com
나우버스킹,hr@nowbusking.com
노머스,careers@wonderwall.kr
데이터뱅크,dsong4444@data-bank.ai
콜버스랩,job@callbus.com
(주)위엠비,smilecana@naver.com
백패커,better_work@backpac.kr
아이디비 주식회사 (IDB Inc.),bkmin@idb.ai
(주)플러스티브이,contact@plustv.io
졸스,developer@jolse.com
펫박스,hello@petbox.kr
스튜디오엑스,contact@studiox.co.kr
마이페어,roy@myfair.co
애드오피,hr@adop.co.kr
베이비프렌즈,help@babyfriends.us
(주)헤렌,jinwoong@herren.co.kr
오래,jjh6tail@gmail.com
프렌트립,recruit@frientrip.com
인비저블아이디어,bky@whitemug.kr
빈티지랩,career@VNTGLAB.com
Lucentblock,phillip@lucentblock.com
레드블루,damian@woonddaeng.com
자란다,career@jaranda.kr
악어디지털,jobs@ascan.kr
코멘토,help@comento.kr
헬로디지털,hello@hellodigital.kr
데이터드리븐,official@datadriven.kr
집토스,info@ziptoss.com
에이치씨랩,yule@hclab.kr
에너지엑스,info@energyx.co.kr
캔슬마켓,info@cancelmarket.com
오늘의 꽃,beom@okkot.com
강남엄마,contact@gangmom.kr
코노랩스,hr@kono.ai
룩인바디,hyunjae.kim@lookinbody.com
볼트마이크로,kim.seongil@vaultmicro.com
튜링,theminq@teamturing.com
보티카,jayphil@jewelise.com
웅진씽크빅,recruit@wjtb.net
정육각,hr@yookgak.com
루트에너지,ask@rootenergy.co.kr
스티팝,hr@stipop.io
시어스랩,recruit@seerslab.com
이제이엔,info@ejn.kr
마롱 컴퍼니,recruit@malong.co.kr
에이블리코퍼레이션,hr@a-bly.com
타디스 테크놀로지,tardis@tardistechnology.com
해피테크놀로지,hello@instawash.kr
왓섭,contact@whatssub.co
집펀드,zipman@zipfund.co
본컨설팅네트웍스,nicochoi.bcn@gmail.com
바디스앤소울스,support@fittobe.com
와이더블유모바일,ceo@ywmobile.co.kr
(주)엑스바엑스,recruit@xbarx.co.kr
티몬,recruit@tmon.co.kr
모트모트,contact@motemote.kr
Heart it 하트잇,inquiry@heartitcorp.com
토노베이션,admin@tonovation.com
핏투게더,apply@fitogether.com
스파르타코딩클럽,bumkyu.lee@gmail.com
리벨로,thddnjsrms8@naver.com
지속가능발전소,info@whosgood.org
트루테크놀로지스,jaewoo@trufintech.io
클로버추얼패션,recruit@clo3d.com
(주)달리자,wschoi@kimzipsa.co.kr
아트블록,recruit@artbloc.io
인테리어브라더스,info@interiorbrothers.com
에이비일팔공,hr@ab180.co
프리윌린,recruit@mathflat.com
봉봉,contact@vonvon.me
프레시코드,recruit@freshcode.me
서울소프트,ceo@seoul-soft.com
오피지지,recruit@op.gg
스포카,recruit@spoqa.com
위트레인,seonghwankim0406@gmail.com
Ondot Systems,info@ondotsystems.com
엑스텐게임즈,x10games@x10games.net
리디(주) - 라프텔 사업본부,start@ridi.com
메크로스,mktlee@mecross.net
아티스츠카드,micky@classicmanager.com
스트리미,hiring@streami.co
파운트,recruiting@fount.co
상상텃밭,info@sangsang.farm
리치빔,jacob@richbeam.co.kr
스마투스,contact@benative.com
식스샵,help@sixshop.com
두닷두,ssy@dodotdo.com
스틸리언,contact@stealien.com
에잇바이트,contact@8byte.co.kr
올리브 유니온,office@oliveunion.com
(주)빅인사이트,info@applicat.co.kr
올스테이,hscho@allstay.kr
유비파이,lim@uvify.com
컨슈머브릿지,hr@consumerbridge.kr
코나투스,contact@kornatus.com
에필,kjlee@efil.io
엑스브레인,anthony@xbrain.team
(주)올리브헬스케어,recruit@olive-hc.com
길리랩,ron.rhew@gililab.com
브랜디,company@brandi.co.kr
팀오투,welcome@tm2.kr
데일리,recruit.korea@dailyhotel.com
차일들리,job@childly.com
엠투클라우드,jinsoo.moon@m2cloud.kr
알고씽,contact@algo-thing.com
팝콘파이브,info@popcorn5.com
마켓잇,recruit@marketit.asia
마이다스 H&T,seyun@midashnt.com
파파타랩스,papata@papatalabs.com
한패,josang0817@gmail.com
오이스터에이블,oyster.able@gmail.com
페이체크,hello@mpaycheck.com
솔리드웨어,recruit@solidware.io
바른의학연구소,barunlab@barunlab.com
클래스팅,careers@classting.com
우디,bkkwon@ooddy.net
픽셀로,kangsm08@gmail.com
