(주)썬즈,pinetree210@korea.kr
(주)에스엔디,acomskk@nate.com
주식회사오퍼튜니티,mje7113@hanmail.net
플랫폼연구소,uydong7539@gmail.com
(주)와우인포텍,-
(주)와우인포텍,wonsuk.kim@wowinfotech.co.kr
국군복지단,-
(주)보나뱅크,wonpark@bonabank.com
(주)티파이브온라인,dichung@t5online.com
(주)법률쇼핑,lawshop00@naver.com
(주)넥스텝코리아,-
주식회사데이빅스,jssong11@korea.kr
"주식회사 힉톡(HIIKTALK Co.,Ltd.)",0365group@daum.net
한국아이오티,-
"주식회사 힉톡(HIIKTALK Co.,Ltd.)",0365group@daum.net
(주)지니테크,kyj@genietec.com
인디제이,indj.play@gmail.com
쿠노소프트,skbepark@kounosoft.com
(주)엠비아이,mbitax@hanmail.net
영진직업전문학교,kwakcu@nate.com
주식회사 옥퀘스트,sorinics@gmail.com
안녕펫,aliceyul@pcu.ac.kr
(주)웹플래너,good77@daum.net
헬로서치,drac30@hellosearch.co.kr
주식회사 쉬즈엠,szm11@naver.com
(주)이웃닷컴,chcy100@e-wut.com
(주)아라온소프트,aknight7@araonsoft.com
(주)모두커뮤니케이션,-
동방에스앤디 주식회사,hwjin@dongbangsystem.com
(주)디더블유아이,dwni@dwni.co.kr
웹비즈,webbizz@naver.com
(주)휴먼케어,humancare@humancare.co.kr
상상하는사람들,a2k2d2@daum.net
테크앤아이코리아(주),jhjung@techni.co.kr
(주)성화정보기술,file21@nate.com
(주)유한미디컴,yuhan1@hanmail.net
(주)위즈커뮤니케이션,sjlee@wiz.co.kr
(주)우주씨앤티,kmsung21@gmail.com
동방에스앤디 주식회사,hwjin@dongbangsystem.com
(주)에이알테크놀로지,art@i-art.co.kr
(주)고스트 페이,jw.shin@ghostpass.ai
주식회사 단비코리아,gn.kong@danbicorp.com
플러그미디어웍스,ceo@flugmedia.kr
위즈링크,linkins@wizlink.info
(주)연커뮤니케이션,yuncom77@naver.com
(주)연커뮤니케이션,yuncom77@naver.com
(주)인비즈소프트,inbiz_hsh@inbizsoft.co.kr
(주)엠에스엘,polpori84@gmail.com
(주)로텍스,itstone@lotecs.co.kr
(주)뉴코애드윈드,nhy@newkoad.com
에이앤비테크(주),jsc21@anbtech.co.kr
에이앤비테크(주),jsc21@anbtech.co.kr
루프리 코리아,rooprekorea@naver.com
이티컴파니,project307@naver.com
더블에스텍,ssaku12@f-use.co.kr
(주)한솔아이오티,hansoliot@naver.com
(주)제트앤에스,cp@2many.co.kr
Fauus,kumsung5@hotmail.com
빅 픽쳐스,cms@big-pictures.co.kr
이에스플랜잇(주),inan@esplanit.com
신아시스템(주),jhsin@sinasystem.com
퍼니브라운(주),pseongae@korea.kr
주식회사 서원,bonkang9@seowons.net
(주)아산마트,mkd41683@naver.com
(주)슈어핀,jbm7041@naver.com
펫케어존,petcarezone@naver.com
(주)스마트아이오티,smartiot@iworldiot.com
LHDP,yhs01347@naver.com
(주)엠아이제이,jobgw@korea.kr
케이포시큐리티(주),mdms@k4-security.com
스피너미디어(주),wgkim@spinormedia.com
(주)한국정보통계,omg0906@hanmail.net
주식회사 쓰리에이치굿스,bini1006@korea.kr
(주)사랑넷,account@sarang.net
(주)위지아이,wegi1@hanmail.net
주식회사 씨브이티,windykim@korea.kr
가이아스,dudrb111@naver.com
